Workbook

Sheet Quotes
A1: KWR IRS
A2: tau (time gap) | B2: 0.25 | D2: curve date | E2: 46226
A4: Tenors | B4: Coupon | C4: Year
A5: 3Mo | B5: 0.0291 | C5: 0.25
A6: 6Mo | B6: 0.03125 | C6: 0.5
A7: 9Mo | B7: 0.03315 | C7: 0.75
A8: 1Yr | B8: 0.034675 | C8: 1
A9: 2Yr | B9: 0.03825 | C9: 2
A10: 3Yr | B10: 0.03965 | C10: 3
A11: 4Yr | B11: 0.04029 | C11: 4
A12: 5Yr | B12: 0.040775 | C12: 5
A13: 7Yr | B13: 0.041425 | C13: 7
A14: 8Yr | B14: 0.04165 | C14: 8
A15: 9Yr | B15: 0.04185 | C15: 9
A16: 10Yr | B16: 0.042 | C16: 10
... A19: 30Yr | B19: 0.03845 | C19: 30

Sheet Interpolation
B1: Interpolate between | C1: these two
A2: Year | B2: lo tenor yr | C2: hi tenor yr | D2: weight | E2: Swap Rate % (interpolating between) | F2: source | G2: Helper
A3: 0.25 | B3: =INDEX(Quotes!$C$5:$C$19,$G3) | C3: =INDEX(Quotes!$C$5:$C$19,MIN($G3+1,15)) | D3: =IF($C3=$B3,0,($A3-$B3)/($C3-$B3)) | E3: =INDEX(Quotes!$B$5:$B$19,$G3)+$D3*(INDEX(Quotes!$B$5:$B$19,MIN($G3+1,15))-INDEX(Quotes!$B$5:$B$19,$G3)) | F3: =IF(COUNTIF(Quotes!$C$5:$C$19,$A3)>0,"quote","interp") | G3: =MATCH($A3,Quotes!$C$5:$C$19,1)
A4: 0.5 | B4: =INDEX(Quotes!$C$5:$C$19,$G4) | C4: =INDEX(Quotes!$C$5:$C$19,MIN($G4+1,15)) | D4: =IF($C4=$B4,0,($A4-$B4)/($C4-$B4)) | E4: =INDEX(Quotes!$B$5:$B$19,$G4)+$D4*(INDEX(Quotes!$B$5:$B$19,MIN($G4+1,15))-INDEX(Quotes!$B$5:$B$19,$G4)) | F4: =IF(COUNTIF(Quotes!$C$5:$C$19,$A4)>0,"quote","interp") | G4: =MATCH($A4,Quotes!$C$5:$C$19,1)
A5: 0.75 | B5: =INDEX(Quotes!$C$5:$C$19,$G5) | C5: =INDEX(Quotes!$C$5:$C$19,MIN($G5+1,15)) | D5: =IF($C5=$B5,0,($A5-$B5)/($C5-$B5)) | E5: =INDEX(Quotes!$B$5:$B$19,$G5)+$D5*(INDEX(Quotes!$B$5:$B$19,MIN($G5+1,15))-INDEX(Quotes!$B$5:$B$19,$G5)) | F5: =IF(COUNTIF(Quotes!$C$5:$C$19,$A5)>0,"quote","interp") | G5: =MATCH($A5,Quotes!$C$5:$C$19,1)
A6: 1 | B6: =INDEX(Quotes!$C$5:$C$19,$G6) | C6: =INDEX(Quotes!$C$5:$C$19,MIN($G6+1,15)) | D6: =IF($C6=$B6,0,($A6-$B6)/($C6-$B6)) | E6: =INDEX(Quotes!$B$5:$B$19,$G6)+$D6*(INDEX(Quotes!$B$5:$B$19,MIN($G6+1,15))-INDEX(Quotes!$B$5:$B$19,$G6)) | F6: =IF(COUNTIF(Quotes!$C$5:$C$19,$A6)>0,"quote","interp") | G6: =MATCH($A6,Quotes!$C$5:$C$19,1)
A7: 1.25 | B7: =INDEX(Quotes!$C$5:$C$19,$G7) | C7: =INDEX(Quotes!$C$5:$C$19,MIN($G7+1,15)) | D7: =IF($C7=$B7,0,($A7-$B7)/($C7-$B7)) | E7: =INDEX(Quotes!$B$5:$B$19,$G7)+$D7*(INDEX(Quotes!$B$5:$B$19,MIN($G7+1,15))-INDEX(Quotes!$B$5:$B$19,$G7)) | F7: =IF(COUNTIF(Quotes!$C$5:$C$19,$A7)>0,"quote","interp") | G7: =MATCH($A7,Quotes!$C$5:$C$19,1)
A8: 1.5 | B8: =INDEX(Quotes!$C$5:$C$19,$G8) | C8: =INDEX(Quotes!$C$5:$C$19,MIN($G8+1,15)) | D8: =IF($C8=$B8,0,($A8-$B8)/($C8-$B8)) | E8: =INDEX(Quotes!$B$5:$B$19,$G8)+$D8*(INDEX(Quotes!$B$5:$B$19,MIN($G8+1,15))-INDEX(Quotes!$B$5:$B$19,$G8)) | F8: =IF(COUNTIF(Quotes!$C$5:$C$19,$A8)>0,"quote","interp") | G8: =MATCH($A8,Quotes!$C$5:$C$19,1)
A9: 1.75 | B9: =INDEX(Quotes!$C$5:$C$19,$G9) | C9: =INDEX(Quotes!$C$5:$C$19,MIN($G9+1,15)) | D9: =IF($C9=$B9,0,($A9-$B9)/($C9-$B9)) | E9: =INDEX(Quotes!$B$5:$B$19,$G9)+$D9*(INDEX(Quotes!$B$5:$B$19,MIN($G9+1,15))-INDEX(Quotes!$B$5:$B$19,$G9)) | F9: =IF(COUNTIF(Quotes!$C$5:$C$19,$A9)>0,"quote","interp") | G9: =MATCH($A9,Quotes!$C$5:$C$19,1)
A10: 2 | B10: =INDEX(Quotes!$C$5:$C$19,$G10) | C10: =INDEX(Quotes!$C$5:$C$19,MIN($G10+1,15)) | D10: =IF($C10=$B10,0,($A10-$B10)/($C10-$B10)) | E10: =INDEX(Quotes!$B$5:$B$19,$G10)+$D10*(INDEX(Quotes!$B$5:$B$19,MIN($G10+1,15))-INDEX(Quotes!$B$5:$B$19,$G10)) | F10: =IF(COUNTIF(Quotes!$C$5:$C$19,$A10)>0,"quote","interp") | G10: =MATCH($A10,Quotes!$C$5:$C$19,1)
A11: 2.25 | B11: =INDEX(Quotes!$C$5:$C$19,$G11) | C11: =INDEX(Quotes!$C$5:$C$19,MIN($G11+1,15)) | D11: =IF($C11=$B11,0,($A11-$B11)/($C11-$B11)) | E11: =INDEX(Quotes!$B$5:$B$19,$G11)+$D11*(INDEX(Quotes!$B$5:$B$19,MIN($G11+1,15))-INDEX(Quotes!$B$5:$B$19,$G11)) | F11: =IF(COUNTIF(Quotes!$C$5:$C$19,$A11)>0,"quote","interp") | G11: =MATCH($A11,Quotes!$C$5:$C$19,1)
A12: 2.5 | B12: =INDEX(Quotes!$C$5:$C$19,$G12) | C12: =INDEX(Quotes!$C$5:$C$19,MIN($G12+1,15)) | D12: =IF($C12=$B12,0,($A12-$B12)/($C12-$B12)) | E12: =INDEX(Quotes!$B$5:$B$19,$G12)+$D12*(INDEX(Quotes!$B$5:$B$19,MIN($G12+1,15))-INDEX(Quotes!$B$5:$B$19,$G12)) | F12: =IF(COUNTIF(Quotes!$C$5:$C$19,$A12)>0,"quote","interp") | G12: =MATCH($A12,Quotes!$C$5:$C$19,1)
A13: 2.75 | B13: =INDEX(Quotes!$C$5:$C$19,$G13) | C13: =INDEX(Quotes!$C$5:$C$19,MIN($G13+1,15)) | D13: =IF($C13=$B13,0,($A13-$B13)/($C13-$B13)) | E13: =INDEX(Quotes!$B$5:$B$19,$G13)+$D13*(INDEX(Quotes!$B$5:$B$19,MIN($G13+1,15))-INDEX(Quotes!$B$5:$B$19,$G13)) | F13: =IF(COUNTIF(Quotes!$C$5:$C$19,$A13)>0,"quote","interp") | G13: =MATCH($A13,Quotes!$C$5:$C$19,1)
A14: 3 | B14: =INDEX(Quotes!$C$5:$C$19,$G14) | C14: =INDEX(Quotes!$C$5:$C$19,MIN($G14+1,15)) | D14: =IF($C14=$B14,0,($A14-$B14)/($C14-$B14)) | E14: =INDEX(Quotes!$B$5:$B$19,$G14)+$D14*(INDEX(Quotes!$B$5:$B$19,MIN($G14+1,15))-INDEX(Quotes!$B$5:$B$19,$G14)) | F14: =IF(COUNTIF(Quotes!$C$5:$C$19,$A14)>0,"quote","interp") | G14: =MATCH($A14,Quotes!$C$5:$C$19,1)
... A122: 30 | B122: =INDEX(Quotes!$C$5:$C$19,$G122) | C122: =INDEX(Quotes!$C$5:$C$19,MIN($G122+1,15)) | D122: =IF($C122=$B122,0,($A122-$B122)/($C122-$B122)) | E122: =INDEX(Quotes!$B$5:$B$19,$G122)+$D122*(INDEX(Quotes!$B$5:$B$19,MIN($G122+1,15))-INDEX(Quotes!$B$5:$B$19,$G122)) | F122: =IF(COUNTIF(Quotes!$C$5:$C$19,$A122)>0,"quote","interp") | G122: =MATCH($A122,Quotes!$C$5:$C$19,1)

Sheet Bootstrap
A2: Date | B2: Year | C2: Swap % | D2: DF | E2: Zero % | F2: Future %
A3: =EDATE(Quotes!$E$2,3*1) | B3: =Interpolation!A3 | C3: =Interpolation!E3 | D3: =1/(1+C3*Quotes!$B$2) | E3: =(1/D3-1)/B3 | F3: =(1/D3-1)/Quotes!$B$2
A4: =EDATE(Quotes!$E$2,3*2) | B4: =Interpolation!A4 | C4: =Interpolation!E4 | D4: =(1-C4*Quotes!$B$2*SUM($D$3:D3))/(1+C4*Quotes!$B$2) | E4: =(1/D4-1)/B4 | F4: =(D3/D4-1)/Quotes!$B$2
A5: =EDATE(Quotes!$E$2,3*3) | B5: =Interpolation!A5 | C5: =Interpolation!E5 | D5: =(1-C5*Quotes!$B$2*SUM($D$3:D4))/(1+C5*Quotes!$B$2) | E5: =(1/D5-1)/B5 | F5: =(D4/D5-1)/Quotes!$B$2
A6: =EDATE(Quotes!$E$2,3*4) | B6: =Interpolation!A6 | C6: =Interpolation!E6 | D6: =(1-C6*Quotes!$B$2*SUM($D$3:D5))/(1+C6*Quotes!$B$2) | E6: =(1/D6-1)/B6 | F6: =(D5/D6-1)/Quotes!$B$2
A7: =EDATE(Quotes!$E$2,3*5) | B7: =Interpolation!A7 | C7: =Interpolation!E7 | D7: =(1-C7*Quotes!$B$2*SUM($D$3:D6))/(1+C7*Quotes!$B$2) | E7: =(1/D7-1)/B7 | F7: =(D6/D7-1)/Quotes!$B$2
A8: =EDATE(Quotes!$E$2,3*6) | B8: =Interpolation!A8 | C8: =Interpolation!E8 | D8: =(1-C8*Quotes!$B$2*SUM($D$3:D7))/(1+C8*Quotes!$B$2) | E8: =(1/D8-1)/B8 | F8: =(D7/D8-1)/Quotes!$B$2
A9: =EDATE(Quotes!$E$2,3*7) | B9: =Interpolation!A9 | C9: =Interpolation!E9 | D9: =(1-C9*Quotes!$B$2*SUM($D$3:D8))/(1+C9*Quotes!$B$2) | E9: =(1/D9-1)/B9 | F9: =(D8/D9-1)/Quotes!$B$2
A10: =EDATE(Quotes!$E$2,3*8) | B10: =Interpolation!A10 | C10: =Interpolation!E10 | D10: =(1-C10*Quotes!$B$2*SUM($D$3:D9))/(1+C10*Quotes!$B$2) | E10: =(1/D10-1)/B10 | F10: =(D9/D10-1)/Quotes!$B$2
A11: =EDATE(Quotes!$E$2,3*9) | B11: =Interpolation!A11 | C11: =Interpolation!E11 | D11: =(1-C11*Quotes!$B$2*SUM($D$3:D10))/(1+C11*Quotes!$B$2) | E11: =(1/D11-1)/B11 | F11: =(D10/D11-1)/Quotes!$B$2
A12: =EDATE(Quotes!$E$2,3*10) | B12: =Interpolation!A12 | C12: =Interpolation!E12 | D12: =(1-C12*Quotes!$B$2*SUM($D$3:D11))/(1+C12*Quotes!$B$2) | E12: =(1/D12-1)/B12 | F12: =(D11/D12-1)/Quotes!$B$2
A13: =EDATE(Quotes!$E$2,3*11) | B13: =Interpolation!A13 | C13: =Interpolation!E13 | D13: =(1-C13*Quotes!$B$2*SUM($D$3:D12))/(1+C13*Quotes!$B$2) | E13: =(1/D13-1)/B13 | F13: =(D12/D13-1)/Quotes!$B$2
A14: =EDATE(Quotes!$E$2,3*12) | B14: =Interpolation!A14 | C14: =Interpolation!E14 | D14: =(1-C14*Quotes!$B$2*SUM($D$3:D13))/(1+C14*Quotes!$B$2) | E14: =(1/D14-1)/B14 | F14: =(D13/D14-1)/Quotes!$B$2
A15: =EDATE(Quotes!$E$2,3*13) | B15: =Interpolation!A15 | C15: =Interpolation!E15 | D15: =(1-C15*Quotes!$B$2*SUM($D$3:D14))/(1+C15*Quotes!$B$2) | E15: =(1/D15-1)/B15 | F15: =(D14/D15-1)/Quotes!$B$2
A16: =EDATE(Quotes!$E$2,3*14) | B16: =Interpolation!A16 | C16: =Interpolation!E16 | D16: =(1-C16*Quotes!$B$2*SUM($D$3:D15))/(1+C16*Quotes!$B$2) | E16: =(1/D16-1)/B16 | F16: =(D15/D16-1)/Quotes!$B$2
A17: =EDATE(Quotes!$E$2,3*15) | B17: =Interpolation!A17 | C17: =Interpolation!E17 | D17: =(1-C17*Quotes!$B$2*SUM($D$3:D16))/(1+C17*Quotes!$B$2) | E17: =(1/D17-1)/B17 | F17: =(D16/D17-1)/Quotes!$B$2
A18: =EDATE(Quotes!$E$2,3*16) | B18: =Interpolation!A18 | C18: =Interpolation!E18 | D18: =(1-C18*Quotes!$B$2*SUM($D$3:D17))/(1+C18*Quotes!$B$2) | E18: =(1/D18-1)/B18 | F18: =(D17/D18-1)/Quotes!$B$2
A19: =EDATE(Quotes!$E$2,3*17) | B19: =Interpolation!A19 | C19: =Interpolation!E19 | D19: =(1-C19*Quotes!$B$2*SUM($D$3:D18))/(1+C19*Quotes!$B$2) | E19: =(1/D19-1)/B19 | F19: =(D18/D19-1)/Quotes!$B$2
A20: =EDATE(Quotes!$E$2,3*18) | B20: =Interpolation!A20 | C20: =Interpolation!E20 | D20: =(1-C20*Quotes!$B$2*SUM($D$3:D19))/(1+C20*Quotes!$B$2) | E20: =(1/D20-1)/B20 | F20: =(D19/D20-1)/Quotes!$B$2
A21: =EDATE(Quotes!$E$2,3*19) | B21: =Interpolation!A21 | C21: =Interpolation!E21 | D21: =(1-C21*Quotes!$B$2*SUM($D$3:D20))/(1+C21*Quotes!$B$2) | E21: =(1/D21-1)/B21 | F21: =(D20/D21-1)/Quotes!$B$2
A22: =EDATE(Quotes!$E$2,3*20) | B22: =Interpolation!A22 | C22: =Interpolation!E22 | D22: =(1-C22*Quotes!$B$2*SUM($D$3:D21))/(1+C22*Quotes!$B$2) | E22: =(1/D22-1)/B22 | F22: =(D21/D22-1)/Quotes!$B$2
A23: =EDATE(Quotes!$E$2,3*21) | B23: =Interpolation!A23 | C23: =Interpolation!E23 | D23: =(1-C23*Quotes!$B$2*SUM($D$3:D22))/(1+C23*Quotes!$B$2) | E23: =(1/D23-1)/B23 | F23: =(D22/D23-1)/Quotes!$B$2
A24: =EDATE(Quotes!$E$2,3*22) | B24: =Interpolation!A24 | C24: =Interpolation!E24 | D24: =(1-C24*Quotes!$B$2*SUM($D$3:D23))/(1+C24*Quotes!$B$2) | E24: =(1/D24-1)/B24 | F24: =(D23/D24-1)/Quotes!$B$2
A25: =EDATE(Quotes!$E$2,3*23) | B25: =Interpolation!A25 | C25: =Interpolation!E25 | D25: =(1-C25*Quotes!$B$2*SUM($D$3:D24))/(1+C25*Quotes!$B$2) | E25: =(1/D25-1)/B25 | F25: =(D24/D25-1)/Quotes!$B$2
A26: =EDATE(Quotes!$E$2,3*24) | B26: =Interpolation!A26 | C26: =Interpolation!E26 | D26: =(1-C26*Quotes!$B$2*SUM($D$3:D25))/(1+C26*Quotes!$B$2) | E26: =(1/D26-1)/B26 | F26: =(D25/D26-1)/Quotes!$B$2
A27: =EDATE(Quotes!$E$2,3*25) | B27: =Interpolation!A27 | C27: =Interpolation!E27 | D27: =(1-C27*Quotes!$B$2*SUM($D$3:D26))/(1+C27*Quotes!$B$2) | E27: =(1/D27-1)/B27 | F27: =(D26/D27-1)/Quotes!$B$2
A28: =EDATE(Quotes!$E$2,3*26) | B28: =Interpolation!A28 | C28: =Interpolation!E28 | D28: =(1-C28*Quotes!$B$2*SUM($D$3:D27))/(1+C28*Quotes!$B$2) | E28: =(1/D28-1)/B28 | F28: =(D27/D28-1)/Quotes!$B$2
A29: =EDATE(Quotes!$E$2,3*27) | B29: =Interpolation!A29 | C29: =Interpolation!E29 | D29: =(1-C29*Quotes!$B$2*SUM($D$3:D28))/(1+C29*Quotes!$B$2) | E29: =(1/D29-1)/B29 | F29: =(D28/D29-1)/Quotes!$B$2
A30: =EDATE(Quotes!$E$2,3*28) | B30: =Interpolation!A30 | C30: =Interpolation!E30 | D30: =(1-C30*Quotes!$B$2*SUM($D$3:D29))/(1+C30*Quotes!$B$2) | E30: =(1/D30-1)/B30 | F30: =(D29/D30-1)/Quotes!$B$2
A31: =EDATE(Quotes!$E$2,3*29) | B31: =Interpolation!A31 | C31: =Interpolation!E31 | D31: =(1-C31*Quotes!$B$2*SUM($D$3:D30))/(1+C31*Quotes!$B$2) | E31: =(1/D31-1)/B31 | F31: =(D30/D31-1)/Quotes!$B$2
A32: =EDATE(Quotes!$E$2,3*30) | B32: =Interpolation!A32 | C32: =Interpolation!E32 | D32: =(1-C32*Quotes!$B$2*SUM($D$3:D31))/(1+C32*Quotes!$B$2) | E32: =(1/D32-1)/B32 | F32: =(D31/D32-1)/Quotes!$B$2
A33: =EDATE(Quotes!$E$2,3*31) | B33: =Interpolation!A33 | C33: =Interpolation!E33 | D33: =(1-C33*Quotes!$B$2*SUM($D$3:D32))/(1+C33*Quotes!$B$2) | E33: =(1/D33-1)/B33 | F33: =(D32/D33-1)/Quotes!$B$2
A34: =EDATE(Quotes!$E$2,3*32) | B34: =Interpolation!A34 | C34: =Interpolation!E34 | D34: =(1-C34*Quotes!$B$2*SUM($D$3:D33))/(1+C34*Quotes!$B$2) | E34: =(1/D34-1)/B34 | F34: =(D33/D34-1)/Quotes!$B$2
A35: =EDATE(Quotes!$E$2,3*33) | B35: =Interpolation!A35 | C35: =Interpolation!E35 | D35: =(1-C35*Quotes!$B$2*SUM($D$3:D34))/(1+C35*Quotes!$B$2) | E35: =(1/D35-1)/B35 | F35: =(D34/D35-1)/Quotes!$B$2
A36: =EDATE(Quotes!$E$2,3*34) | B36: =Interpolation!A36 | C36: =Interpolation!E36 | D36: =(1-C36*Quotes!$B$2*SUM($D$3:D35))/(1+C36*Quotes!$B$2) | E36: =(1/D36-1)/B36 | F36: =(D35/D36-1)/Quotes!$B$2
A37: =EDATE(Quotes!$E$2,3*35) | B37: =Interpolation!A37 | C37: =Interpolation!E37 | D37: =(1-C37*Quotes!$B$2*SUM($D$3:D36))/(1+C37*Quotes!$B$2) | E37: =(1/D37-1)/B37 | F37: =(D36/D37-1)/Quotes!$B$2
A38: =EDATE(Quotes!$E$2,3*36) | B38: =Interpolation!A38 | C38: =Interpolation!E38 | D38: =(1-C38*Quotes!$B$2*SUM($D$3:D37))/(1+C38*Quotes!$B$2) | E38: =(1/D38-1)/B38 | F38: =(D37/D38-1)/Quotes!$B$2
A39: =EDATE(Quotes!$E$2,3*37) | B39: =Interpolation!A39 | C39: =Interpolation!E39 | D39: =(1-C39*Quotes!$B$2*SUM($D$3:D38))/(1+C39*Quotes!$B$2) | E39: =(1/D39-1)/B39 | F39: =(D38/D39-1)/Quotes!$B$2
A40: =EDATE(Quotes!$E$2,3*38) | B40: =Interpolation!A40 | C40: =Interpolation!E40 | D40: =(1-C40*Quotes!$B$2*SUM($D$3:D39))/(1+C40*Quotes!$B$2) | E40: =(1/D40-1)/B40 | F40: =(D39/D40-1)/Quotes!$B$2
A41: =EDATE(Quotes!$E$2,3*39) | B41: =Interpolation!A41 | C41: =Interpolation!E41 | D41: =(1-C41*Quotes!$B$2*SUM($D$3:D40))/(1+C41*Quotes!$B$2) | E41: =(1/D41-1)/B41 | F41: =(D40/D41-1)/Quotes!$B$2
A42: =EDATE(Quotes!$E$2,3*40) | B42: =Interpolation!A42 | C42: =Interpolation!E42 | D42: =(1-C42*Quotes!$B$2*SUM($D$3:D41))/(1+C42*Quotes!$B$2) | E42: =(1/D42-1)/B42 | F42: =(D41/D42-1)/Quotes!$B$2
A43: =EDATE(Quotes!$E$2,3*41) | B43: =Interpolation!A43 | C43: =Interpolation!E43 | D43: =(1-C43*Quotes!$B$2*SUM($D$3:D42))/(1+C43*Quotes!$B$2) | E43: =(1/D43-1)/B43 | F43: =(D42/D43-1)/Quotes!$B$2
A44: =EDATE(Quotes!$E$2,3*42) | B44: =Interpolation!A44 | C44: =Interpolation!E44 | D44: =(1-C44*Quotes!$B$2*SUM($D$3:D43))/(1+C44*Quotes!$B$2) | E44: =(1/D44-1)/B44 | F44: =(D43/D44-1)/Quotes!$B$2
A45: =EDATE(Quotes!$E$2,3*43) | B45: =Interpolation!A45 | C45: =Interpolation!E45 | D45: =(1-C45*Quotes!$B$2*SUM($D$3:D44))/(1+C45*Quotes!$B$2) | E45: =(1/D45-1)/B45 | F45: =(D44/D45-1)/Quotes!$B$2
A46: =EDATE(Quotes!$E$2,3*44) | B46: =Interpolation!A46 | C46: =Interpolation!E46 | D46: =(1-C46*Quotes!$B$2*SUM($D$3:D45))/(1+C46*Quotes!$B$2) | E46: =(1/D46-1)/B46 | F46: =(D45/D46-1)/Quotes!$B$2
A47: =EDATE(Quotes!$E$2,3*45) | B47: =Interpolation!A47 | C47: =Interpolation!E47 | D47: =(1-C47*Quotes!$B$2*SUM($D$3:D46))/(1+C47*Quotes!$B$2) | E47: =(1/D47-1)/B47 | F47: =(D46/D47-1)/Quotes!$B$2
A48: =EDATE(Quotes!$E$2,3*46) | B48: =Interpolation!A48 | C48: =Interpolation!E48 | D48: =(1-C48*Quotes!$B$2*SUM($D$3:D47))/(1+C48*Quotes!$B$2) | E48: =(1/D48-1)/B48 | F48: =(D47/D48-1)/Quotes!$B$2
A49: =EDATE(Quotes!$E$2,3*47) | B49: =Interpolation!A49 | C49: =Interpolation!E49 | D49: =(1-C49*Quotes!$B$2*SUM($D$3:D48))/(1+C49*Quotes!$B$2) | E49: =(1/D49-1)/B49 | F49: =(D48/D49-1)/Quotes!$B$2
A50: =EDATE(Quotes!$E$2,3*48) | B50: =Interpolation!A50 | C50: =Interpolation!E50 | D50: =(1-C50*Quotes!$B$2*SUM($D$3:D49))/(1+C50*Quotes!$B$2) | E50: =(1/D50-1)/B50 | F50: =(D49/D50-1)/Quotes!$B$2
A51: =EDATE(Quotes!$E$2,3*49) | B51: =Interpolation!A51 | C51: =Interpolation!E51 | D51: =(1-C51*Quotes!$B$2*SUM($D$3:D50))/(1+C51*Quotes!$B$2) | E51: =(1/D51-1)/B51 | F51: =(D50/D51-1)/Quotes!$B$2
A52: =EDATE(Quotes!$E$2,3*50) | B52: =Interpolation!A52 | C52: =Interpolation!E52 | D52: =(1-C52*Quotes!$B$2*SUM($D$3:D51))/(1+C52*Quotes!$B$2) | E52: =(1/D52-1)/B52 | F52: =(D51/D52-1)/Quotes!$B$2
A53: =EDATE(Quotes!$E$2,3*51) | B53: =Interpolation!A53 | C53: =Interpolation!E53 | D53: =(1-C53*Quotes!$B$2*SUM($D$3:D52))/(1+C53*Quotes!$B$2) | E53: =(1/D53-1)/B53 | F53: =(D52/D53-1)/Quotes!$B$2
A54: =EDATE(Quotes!$E$2,3*52) | B54: =Interpolation!A54 | C54: =Interpolation!E54 | D54: =(1-C54*Quotes!$B$2*SUM($D$3:D53))/(1+C54*Quotes!$B$2) | E54: =(1/D54-1)/B54 | F54: =(D53/D54-1)/Quotes!$B$2
A55: =EDATE(Quotes!$E$2,3*53) | B55: =Interpolation!A55 | C55: =Interpolation!E55 | D55: =(1-C55*Quotes!$B$2*SUM($D$3:D54))/(1+C55*Quotes!$B$2) | E55: =(1/D55-1)/B55 | F55: =(D54/D55-1)/Quotes!$B$2
A56: =EDATE(Quotes!$E$2,3*54) | B56: =Interpolation!A56 | C56: =Interpolation!E56 | D56: =(1-C56*Quotes!$B$2*SUM($D$3:D55))/(1+C56*Quotes!$B$2) | E56: =(1/D56-1)/B56 | F56: =(D55/D56-1)/Quotes!$B$2
A57: =EDATE(Quotes!$E$2,3*55) | B57: =Interpolation!A57 | C57: =Interpolation!E57 | D57: =(1-C57*Quotes!$B$2*SUM($D$3:D56))/(1+C57*Quotes!$B$2) | E57: =(1/D57-1)/B57 | F57: =(D56/D57-1)/Quotes!$B$2
A58: =EDATE(Quotes!$E$2,3*56) | B58: =Interpolation!A58 | C58: =Interpolation!E58 | D58: =(1-C58*Quotes!$B$2*SUM($D$3:D57))/(1+C58*Quotes!$B$2) | E58: =(1/D58-1)/B58 | F58: =(D57/D58-1)/Quotes!$B$2
A59: =EDATE(Quotes!$E$2,3*57) | B59: =Interpolation!A59 | C59: =Interpolation!E59 | D59: =(1-C59*Quotes!$B$2*SUM($D$3:D58))/(1+C59*Quotes!$B$2) | E59: =(1/D59-1)/B59 | F59: =(D58/D59-1)/Quotes!$B$2
A60: =EDATE(Quotes!$E$2,3*58) | B60: =Interpolation!A60 | C60: =Interpolation!E60 | D60: =(1-C60*Quotes!$B$2*SUM($D$3:D59))/(1+C60*Quotes!$B$2) | E60: =(1/D60-1)/B60 | F60: =(D59/D60-1)/Quotes!$B$2
A61: =EDATE(Quotes!$E$2,3*59) | B61: =Interpolation!A61 | C61: =Interpolation!E61 | D61: =(1-C61*Quotes!$B$2*SUM($D$3:D60))/(1+C61*Quotes!$B$2) | E61: =(1/D61-1)/B61 | F61: =(D60/D61-1)/Quotes!$B$2
A62: =EDATE(Quotes!$E$2,3*60) | B62: =Interpolation!A62 | C62: =Interpolation!E62 | D62: =(1-C62*Quotes!$B$2*SUM($D$3:D61))/(1+C62*Quotes!$B$2) | E62: =(1/D62-1)/B62 | F62: =(D61/D62-1)/Quotes!$B$2
A63: =EDATE(Quotes!$E$2,3*61) | B63: =Interpolation!A63 | C63: =Interpolation!E63 | D63: =(1-C63*Quotes!$B$2*SUM($D$3:D62))/(1+C63*Quotes!$B$2) | E63: =(1/D63-1)/B63 | F63: =(D62/D63-1)/Quotes!$B$2
A64: =EDATE(Quotes!$E$2,3*62) | B64: =Interpolation!A64 | C64: =Interpolation!E64 | D64: =(1-C64*Quotes!$B$2*SUM($D$3:D63))/(1+C64*Quotes!$B$2) | E64: =(1/D64-1)/B64 | F64: =(D63/D64-1)/Quotes!$B$2
A65: =EDATE(Quotes!$E$2,3*63) | B65: =Interpolation!A65 | C65: =Interpolation!E65 | D65: =(1-C65*Quotes!$B$2*SUM($D$3:D64))/(1+C65*Quotes!$B$2) | E65: =(1/D65-1)/B65 | F65: =(D64/D65-1)/Quotes!$B$2
A66: =EDATE(Quotes!$E$2,3*64) | B66: =Interpolation!A66 | C66: =Interpolation!E66 | D66: =(1-C66*Quotes!$B$2*SUM($D$3:D65))/(1+C66*Quotes!$B$2) | E66: =(1/D66-1)/B66 | F66: =(D65/D66-1)/Quotes!$B$2
A67: =EDATE(Quotes!$E$2,3*65) | B67: =Interpolation!A67 | C67: =Interpolation!E67 | D67: =(1-C67*Quotes!$B$2*SUM($D$3:D66))/(1+C67*Quotes!$B$2) | E67: =(1/D67-1)/B67 | F67: =(D66/D67-1)/Quotes!$B$2
A68: =EDATE(Quotes!$E$2,3*66) | B68: =Interpolation!A68 | C68: =Interpolation!E68 | D68: =(1-C68*Quotes!$B$2*SUM($D$3:D67))/(1+C68*Quotes!$B$2) | E68: =(1/D68-1)/B68 | F68: =(D67/D68-1)/Quotes!$B$2
A69: =EDATE(Quotes!$E$2,3*67) | B69: =Interpolation!A69 | C69: =Interpolation!E69 | D69: =(1-C69*Quotes!$B$2*SUM($D$3:D68))/(1+C69*Quotes!$B$2) | E69: =(1/D69-1)/B69 | F69: =(D68/D69-1)/Quotes!$B$2
A70: =EDATE(Quotes!$E$2,3*68) | B70: =Interpolation!A70 | C70: =Interpolation!E70 | D70: =(1-C70*Quotes!$B$2*SUM($D$3:D69))/(1+C70*Quotes!$B$2) | E70: =(1/D70-1)/B70 | F70: =(D69/D70-1)/Quotes!$B$2
A71: =EDATE(Quotes!$E$2,3*69) | B71: =Interpolation!A71 | C71: =Interpolation!E71 | D71: =(1-C71*Quotes!$B$2*SUM($D$3:D70))/(1+C71*Quotes!$B$2) | E71: =(1/D71-1)/B71 | F71: =(D70/D71-1)/Quotes!$B$2
A72: =EDATE(Quotes!$E$2,3*70) | B72: =Interpolation!A72 | C72: =Interpolation!E72 | D72: =(1-C72*Quotes!$B$2*SUM($D$3:D71))/(1+C72*Quotes!$B$2) | E72: =(1/D72-1)/B72 | F72: =(D71/D72-1)/Quotes!$B$2
A73: =EDATE(Quotes!$E$2,3*71) | B73: =Interpolation!A73 | C73: =Interpolation!E73 | D73: =(1-C73*Quotes!$B$2*SUM($D$3:D72))/(1+C73*Quotes!$B$2) | E73: =(1/D73-1)/B73 | F73: =(D72/D73-1)/Quotes!$B$2
A74: =EDATE(Quotes!$E$2,3*72) | B74: =Interpolation!A74 | C74: =Interpolation!E74 | D74: =(1-C74*Quotes!$B$2*SUM($D$3:D73))/(1+C74*Quotes!$B$2) | E74: =(1/D74-1)/B74 | F74: =(D73/D74-1)/Quotes!$B$2
A75: =EDATE(Quotes!$E$2,3*73) | B75: =Interpolation!A75 | C75: =Interpolation!E75 | D75: =(1-C75*Quotes!$B$2*SUM($D$3:D74))/(1+C75*Quotes!$B$2) | E75: =(1/D75-1)/B75 | F75: =(D74/D75-1)/Quotes!$B$2
A76: =EDATE(Quotes!$E$2,3*74) | B76: =Interpolation!A76 | C76: =Interpolation!E76 | D76: =(1-C76*Quotes!$B$2*SUM($D$3:D75))/(1+C76*Quotes!$B$2) | E76: =(1/D76-1)/B76 | F76: =(D75/D76-1)/Quotes!$B$2
A77: =EDATE(Quotes!$E$2,3*75) | B77: =Interpolation!A77 | C77: =Interpolation!E77 | D77: =(1-C77*Quotes!$B$2*SUM($D$3:D76))/(1+C77*Quotes!$B$2) | E77: =(1/D77-1)/B77 | F77: =(D76/D77-1)/Quotes!$B$2
A78: =EDATE(Quotes!$E$2,3*76) | B78: =Interpolation!A78 | C78: =Interpolation!E78 | D78: =(1-C78*Quotes!$B$2*SUM($D$3:D77))/(1+C78*Quotes!$B$2) | E78: =(1/D78-1)/B78 | F78: =(D77/D78-1)/Quotes!$B$2
A79: =EDATE(Quotes!$E$2,3*77) | B79: =Interpolation!A79 | C79: =Interpolation!E79 | D79: =(1-C79*Quotes!$B$2*SUM($D$3:D78))/(1+C79*Quotes!$B$2) | E79: =(1/D79-1)/B79 | F79: =(D78/D79-1)/Quotes!$B$2
A80: =EDATE(Quotes!$E$2,3*78) | B80: =Interpolation!A80 | C80: =Interpolation!E80 | D80: =(1-C80*Quotes!$B$2*SUM($D$3:D79))/(1+C80*Quotes!$B$2) | E80: =(1/D80-1)/B80 | F80: =(D79/D80-1)/Quotes!$B$2
A81: =EDATE(Quotes!$E$2,3*79) | B81: =Interpolation!A81 | C81: =Interpolation!E81 | D81: =(1-C81*Quotes!$B$2*SUM($D$3:D80))/(1+C81*Quotes!$B$2) | E81: =(1/D81-1)/B81 | F81: =(D80/D81-1)/Quotes!$B$2
A82: =EDATE(Quotes!$E$2,3*80) | B82: =Interpolation!A82 | C82: =Interpolation!E82 | D82: =(1-C82*Quotes!$B$2*SUM($D$3:D81))/(1+C82*Quotes!$B$2) | E82: =(1/D82-1)/B82 | F82: =(D81/D82-1)/Quotes!$B$2
A83: =EDATE(Quotes!$E$2,3*81) | B83: =Interpolation!A83 | C83: =Interpolation!E83 | D83: =(1-C83*Quotes!$B$2*SUM($D$3:D82))/(1+C83*Quotes!$B$2) | E83: =(1/D83-1)/B83 | F83: =(D82/D83-1)/Quotes!$B$2
A84: =EDATE(Quotes!$E$2,3*82) | B84: =Interpolation!A84 | C84: =Interpolation!E84 | D84: =(1-C84*Quotes!$B$2*SUM($D$3:D83))/(1+C84*Quotes!$B$2) | E84: =(1/D84-1)/B84 | F84: =(D83/D84-1)/Quotes!$B$2
A85: =EDATE(Quotes!$E$2,3*83) | B85: =Interpolation!A85 | C85: =Interpolation!E85 | D85: =(1-C85*Quotes!$B$2*SUM($D$3:D84))/(1+C85*Quotes!$B$2) | E85: =(1/D85-1)/B85 | F85: =(D84/D85-1)/Quotes!$B$2
A86: =EDATE(Quotes!$E$2,3*84) | B86: =Interpolation!A86 | C86: =Interpolation!E86 | D86: =(1-C86*Quotes!$B$2*SUM($D$3:D85))/(1+C86*Quotes!$B$2) | E86: =(1/D86-1)/B86 | F86: =(D85/D86-1)/Quotes!$B$2
A87: =EDATE(Quotes!$E$2,3*85) | B87: =Interpolation!A87 | C87: =Interpolation!E87 | D87: =(1-C87*Quotes!$B$2*SUM($D$3:D86))/(1+C87*Quotes!$B$2) | E87: =(1/D87-1)/B87 | F87: =(D86/D87-1)/Quotes!$B$2
A88: =EDATE(Quotes!$E$2,3*86) | B88: =Interpolation!A88 | C88: =Interpolation!E88 | D88: =(1-C88*Quotes!$B$2*SUM($D$3:D87))/(1+C88*Quotes!$B$2) | E88: =(1/D88-1)/B88 | F88: =(D87/D88-1)/Quotes!$B$2
A89: =EDATE(Quotes!$E$2,3*87) | B89: =Interpolation!A89 | C89: =Interpolation!E89 | D89: =(1-C89*Quotes!$B$2*SUM($D$3:D88))/(1+C89*Quotes!$B$2) | E89: =(1/D89-1)/B89 | F89: =(D88/D89-1)/Quotes!$B$2
A90: =EDATE(Quotes!$E$2,3*88) | B90: =Interpolation!A90 | C90: =Interpolation!E90 | D90: =(1-C90*Quotes!$B$2*SUM($D$3:D89))/(1+C90*Quotes!$B$2) | E90: =(1/D90-1)/B90 | F90: =(D89/D90-1)/Quotes!$B$2
A91: =EDATE(Quotes!$E$2,3*89) | B91: =Interpolation!A91 | C91: =Interpolation!E91 | D91: =(1-C91*Quotes!$B$2*SUM($D$3:D90))/(1+C91*Quotes!$B$2) | E91: =(1/D91-1)/B91 | F91: =(D90/D91-1)/Quotes!$B$2
A92: =EDATE(Quotes!$E$2,3*90) | B92: =Interpolation!A92 | C92: =Interpolation!E92 | D92: =(1-C92*Quotes!$B$2*SUM($D$3:D91))/(1+C92*Quotes!$B$2) | E92: =(1/D92-1)/B92 | F92: =(D91/D92-1)/Quotes!$B$2
A93: =EDATE(Quotes!$E$2,3*91) | B93: =Interpolation!A93 | C93: =Interpolation!E93 | D93: =(1-C93*Quotes!$B$2*SUM($D$3:D92))/(1+C93*Quotes!$B$2) | E93: =(1/D93-1)/B93 | F93: =(D92/D93-1)/Quotes!$B$2
A94: =EDATE(Quotes!$E$2,3*92) | B94: =Interpolation!A94 | C94: =Interpolation!E94 | D94: =(1-C94*Quotes!$B$2*SUM($D$3:D93))/(1+C94*Quotes!$B$2) | E94: =(1/D94-1)/B94 | F94: =(D93/D94-1)/Quotes!$B$2
A95: =EDATE(Quotes!$E$2,3*93) | B95: =Interpolation!A95 | C95: =Interpolation!E95 | D95: =(1-C95*Quotes!$B$2*SUM($D$3:D94))/(1+C95*Quotes!$B$2) | E95: =(1/D95-1)/B95 | F95: =(D94/D95-1)/Quotes!$B$2
A96: =EDATE(Quotes!$E$2,3*94) | B96: =Interpolation!A96 | C96: =Interpolation!E96 | D96: =(1-C96*Quotes!$B$2*SUM($D$3:D95))/(1+C96*Quotes!$B$2) | E96: =(1/D96-1)/B96 | F96: =(D95/D96-1)/Quotes!$B$2
A97: =EDATE(Quotes!$E$2,3*95) | B97: =Interpolation!A97 | C97: =Interpolation!E97 | D97: =(1-C97*Quotes!$B$2*SUM($D$3:D96))/(1+C97*Quotes!$B$2) | E97: =(1/D97-1)/B97 | F97: =(D96/D97-1)/Quotes!$B$2
A98: =EDATE(Quotes!$E$2,3*96) | B98: =Interpolation!A98 | C98: =Interpolation!E98 | D98: =(1-C98*Quotes!$B$2*SUM($D$3:D97))/(1+C98*Quotes!$B$2) | E98: =(1/D98-1)/B98 | F98: =(D97/D98-1)/Quotes!$B$2
A99: =EDATE(Quotes!$E$2,3*97) | B99: =Interpolation!A99 | C99: =Interpolation!E99 | D99: =(1-C99*Quotes!$B$2*SUM($D$3:D98))/(1+C99*Quotes!$B$2) | E99: =(1/D99-1)/B99 | F99: =(D98/D99-1)/Quotes!$B$2
A100: =EDATE(Quotes!$E$2,3*98) | B100: =Interpolation!A100 | C100: =Interpolation!E100 | D100: =(1-C100*Quotes!$B$2*SUM($D$3:D99))/(1+C100*Quotes!$B$2) | E100: =(1/D100-1)/B100 | F100: =(D99/D100-1)/Quotes!$B$2
A101: =EDATE(Quotes!$E$2,3*99) | B101: =Interpolation!A101 | C101: =Interpolation!E101 | D101: =(1-C101*Quotes!$B$2*SUM($D$3:D100))/(1+C101*Quotes!$B$2) | E101: =(1/D101-1)/B101 | F101: =(D100/D101-1)/Quotes!$B$2
...
