Workbook

Sheet Quotes
A1: KRW IRS — quotes
A2: Quarterly fixing/payment, tau = 0.25 (simplified). 3m is the fixing and IS the zero rate. | D2: tau | E2: 0.25
A4: Tenor | B4: Year | C4: Swap rate %
A5: 3m | B5: 0.25 | C5: 2.91
A6: 6m | B6: 0.5 | C6: 3.125
A7: 9m | B7: 0.75 | C7: 3.315
A8: 1Y | B8: 1 | C8: 3.4675
A9: 2Y | B9: 2 | C9: 3.825
A10: 3Y | B10: 3 | C10: 3.965
A11: 4Y | B11: 4 | C11: 4.029
A12: 5Y | B12: 5 | C12: 4.0775
A13: 7Y | B13: 7 | C13: 4.1425
A14: 8Y | B14: 8 | C14: 4.165
A15: 9Y | B15: 9 | C15: 4.185
A16: 10Y | B16: 10 | C16: 4.2
... A19: 30Y | B19: 30 | C19: 3.845

Sheet Interpolation
A1: Interpolate the swap rate onto every quarter
A2: Each quarter's rate is linear in time between the two bracketing quotes. A quoted tenor keeps its own rate (weight 0). This is what fills the big gaps — 20Y to 30Y is 40 of these rows.
A4: Node | B4: Year | C4: lo tenor yr | D4: hi tenor yr | E4: weight | F4: Swap rate % (interp) | G4: source
A5: 1 | B5: 0.25 | C5: =INDEX(Quotes!$B$5:$B$19,MATCH($B5,Quotes!$B$5:$B$19,1)) | D5: =INDEX(Quotes!$B$5:$B$19,MIN(MATCH($B5,Quotes!$B$5:$B$19,1)+1,15)) | E5: =IF($D5=$C5,0,($B5-$C5)/($D5-$C5)) | F5: =INDEX(Quotes!$C$5:$C$19,MATCH($B5,Quotes!$B$5:$B$19,1))+$E5*(INDEX(Quotes!$C$5:$C$19,MIN(MATCH($B5,Quotes!$B$5:$B$19,1)+1,15))-INDEX(Quotes!$C$5:$C$19,MATCH($B5,Quotes!$B$5:$B$19,1))) | G5: =IF(COUNTIF(Quotes!$B$5:$B$19,$B5)>0,"quote","interp")
A6: 2 | B6: 0.5 | C6: =INDEX(Quotes!$B$5:$B$19,MATCH($B6,Quotes!$B$5:$B$19,1)) | D6: =INDEX(Quotes!$B$5:$B$19,MIN(MATCH($B6,Quotes!$B$5:$B$19,1)+1,15)) | E6: =IF($D6=$C6,0,($B6-$C6)/($D6-$C6)) | F6: =INDEX(Quotes!$C$5:$C$19,MATCH($B6,Quotes!$B$5:$B$19,1))+$E6*(INDEX(Quotes!$C$5:$C$19,MIN(MATCH($B6,Quotes!$B$5:$B$19,1)+1,15))-INDEX(Quotes!$C$5:$C$19,MATCH($B6,Quotes!$B$5:$B$19,1))) | G6: =IF(COUNTIF(Quotes!$B$5:$B$19,$B6)>0,"quote","interp")
A7: 3 | B7: 0.75 | C7: =INDEX(Quotes!$B$5:$B$19,MATCH($B7,Quotes!$B$5:$B$19,1)) | D7: =INDEX(Quotes!$B$5:$B$19,MIN(MATCH($B7,Quotes!$B$5:$B$19,1)+1,15)) | E7: =IF($D7=$C7,0,($B7-$C7)/($D7-$C7)) | F7: =INDEX(Quotes!$C$5:$C$19,MATCH($B7,Quotes!$B$5:$B$19,1))+$E7*(INDEX(Quotes!$C$5:$C$19,MIN(MATCH($B7,Quotes!$B$5:$B$19,1)+1,15))-INDEX(Quotes!$C$5:$C$19,MATCH($B7,Quotes!$B$5:$B$19,1))) | G7: =IF(COUNTIF(Quotes!$B$5:$B$19,$B7)>0,"quote","interp")
A8: 4 | B8: 1 | C8: =INDEX(Quotes!$B$5:$B$19,MATCH($B8,Quotes!$B$5:$B$19,1)) | D8: =INDEX(Quotes!$B$5:$B$19,MIN(MATCH($B8,Quotes!$B$5:$B$19,1)+1,15)) | E8: =IF($D8=$C8,0,($B8-$C8)/($D8-$C8)) | F8: =INDEX(Quotes!$C$5:$C$19,MATCH($B8,Quotes!$B$5:$B$19,1))+$E8*(INDEX(Quotes!$C$5:$C$19,MIN(MATCH($B8,Quotes!$B$5:$B$19,1)+1,15))-INDEX(Quotes!$C$5:$C$19,MATCH($B8,Quotes!$B$5:$B$19,1))) | G8: =IF(COUNTIF(Quotes!$B$5:$B$19,$B8)>0,"quote","interp")
A9: 5 | B9: 1.25 | C9: =INDEX(Quotes!$B$5:$B$19,MATCH($B9,Quotes!$B$5:$B$19,1)) | D9: =INDEX(Quotes!$B$5:$B$19,MIN(MATCH($B9,Quotes!$B$5:$B$19,1)+1,15)) | E9: =IF($D9=$C9,0,($B9-$C9)/($D9-$C9)) | F9: =INDEX(Quotes!$C$5:$C$19,MATCH($B9,Quotes!$B$5:$B$19,1))+$E9*(INDEX(Quotes!$C$5:$C$19,MIN(MATCH($B9,Quotes!$B$5:$B$19,1)+1,15))-INDEX(Quotes!$C$5:$C$19,MATCH($B9,Quotes!$B$5:$B$19,1))) | G9: =IF(COUNTIF(Quotes!$B$5:$B$19,$B9)>0,"quote","interp")
A10: 6 | B10: 1.5 | C10: =INDEX(Quotes!$B$5:$B$19,MATCH($B10,Quotes!$B$5:$B$19,1)) | D10: =INDEX(Quotes!$B$5:$B$19,MIN(MATCH($B10,Quotes!$B$5:$B$19,1)+1,15)) | E10: =IF($D10=$C10,0,($B10-$C10)/($D10-$C10)) | F10: =INDEX(Quotes!$C$5:$C$19,MATCH($B10,Quotes!$B$5:$B$19,1))+$E10*(INDEX(Quotes!$C$5:$C$19,MIN(MATCH($B10,Quotes!$B$5:$B$19,1)+1,15))-INDEX(Quotes!$C$5:$C$19,MATCH($B10,Quotes!$B$5:$B$19,1))) | G10: =IF(COUNTIF(Quotes!$B$5:$B$19,$B10)>0,"quote","interp")
A11: 7 | B11: 1.75 | C11: =INDEX(Quotes!$B$5:$B$19,MATCH($B11,Quotes!$B$5:$B$19,1)) | D11: =INDEX(Quotes!$B$5:$B$19,MIN(MATCH($B11,Quotes!$B$5:$B$19,1)+1,15)) | E11: =IF($D11=$C11,0,($B11-$C11)/($D11-$C11)) | F11: =INDEX(Quotes!$C$5:$C$19,MATCH($B11,Quotes!$B$5:$B$19,1))+$E11*(INDEX(Quotes!$C$5:$C$19,MIN(MATCH($B11,Quotes!$B$5:$B$19,1)+1,15))-INDEX(Quotes!$C$5:$C$19,MATCH($B11,Quotes!$B$5:$B$19,1))) | G11: =IF(COUNTIF(Quotes!$B$5:$B$19,$B11)>0,"quote","interp")
A12: 8 | B12: 2 | C12: =INDEX(Quotes!$B$5:$B$19,MATCH($B12,Quotes!$B$5:$B$19,1)) | D12: =INDEX(Quotes!$B$5:$B$19,MIN(MATCH($B12,Quotes!$B$5:$B$19,1)+1,15)) | E12: =IF($D12=$C12,0,($B12-$C12)/($D12-$C12)) | F12: =INDEX(Quotes!$C$5:$C$19,MATCH($B12,Quotes!$B$5:$B$19,1))+$E12*(INDEX(Quotes!$C$5:$C$19,MIN(MATCH($B12,Quotes!$B$5:$B$19,1)+1,15))-INDEX(Quotes!$C$5:$C$19,MATCH($B12,Quotes!$B$5:$B$19,1))) | G12: =IF(COUNTIF(Quotes!$B$5:$B$19,$B12)>0,"quote","interp")
A13: 9 | B13: 2.25 | C13: =INDEX(Quotes!$B$5:$B$19,MATCH($B13,Quotes!$B$5:$B$19,1)) | D13: =INDEX(Quotes!$B$5:$B$19,MIN(MATCH($B13,Quotes!$B$5:$B$19,1)+1,15)) | E13: =IF($D13=$C13,0,($B13-$C13)/($D13-$C13)) | F13: =INDEX(Quotes!$C$5:$C$19,MATCH($B13,Quotes!$B$5:$B$19,1))+$E13*(INDEX(Quotes!$C$5:$C$19,MIN(MATCH($B13,Quotes!$B$5:$B$19,1)+1,15))-INDEX(Quotes!$C$5:$C$19,MATCH($B13,Quotes!$B$5:$B$19,1))) | G13: =IF(COUNTIF(Quotes!$B$5:$B$19,$B13)>0,"quote","interp")
A14: 10 | B14: 2.5 | C14: =INDEX(Quotes!$B$5:$B$19,MATCH($B14,Quotes!$B$5:$B$19,1)) | D14: =INDEX(Quotes!$B$5:$B$19,MIN(MATCH($B14,Quotes!$B$5:$B$19,1)+1,15)) | E14: =IF($D14=$C14,0,($B14-$C14)/($D14-$C14)) | F14: =INDEX(Quotes!$C$5:$C$19,MATCH($B14,Quotes!$B$5:$B$19,1))+$E14*(INDEX(Quotes!$C$5:$C$19,MIN(MATCH($B14,Quotes!$B$5:$B$19,1)+1,15))-INDEX(Quotes!$C$5:$C$19,MATCH($B14,Quotes!$B$5:$B$19,1))) | G14: =IF(COUNTIF(Quotes!$B$5:$B$19,$B14)>0,"quote","interp")
A15: 11 | B15: 2.75 | C15: =INDEX(Quotes!$B$5:$B$19,MATCH($B15,Quotes!$B$5:$B$19,1)) | D15: =INDEX(Quotes!$B$5:$B$19,MIN(MATCH($B15,Quotes!$B$5:$B$19,1)+1,15)) | E15: =IF($D15=$C15,0,($B15-$C15)/($D15-$C15)) | F15: =INDEX(Quotes!$C$5:$C$19,MATCH($B15,Quotes!$B$5:$B$19,1))+$E15*(INDEX(Quotes!$C$5:$C$19,MIN(MATCH($B15,Quotes!$B$5:$B$19,1)+1,15))-INDEX(Quotes!$C$5:$C$19,MATCH($B15,Quotes!$B$5:$B$19,1))) | G15: =IF(COUNTIF(Quotes!$B$5:$B$19,$B15)>0,"quote","interp")
A16: 12 | B16: 3 | C16: =INDEX(Quotes!$B$5:$B$19,MATCH($B16,Quotes!$B$5:$B$19,1)) | D16: =INDEX(Quotes!$B$5:$B$19,MIN(MATCH($B16,Quotes!$B$5:$B$19,1)+1,15)) | E16: =IF($D16=$C16,0,($B16-$C16)/($D16-$C16)) | F16: =INDEX(Quotes!$C$5:$C$19,MATCH($B16,Quotes!$B$5:$B$19,1))+$E16*(INDEX(Quotes!$C$5:$C$19,MIN(MATCH($B16,Quotes!$B$5:$B$19,1)+1,15))-INDEX(Quotes!$C$5:$C$19,MATCH($B16,Quotes!$B$5:$B$19,1))) | G16: =IF(COUNTIF(Quotes!$B$5:$B$19,$B16)>0,"quote","interp")
... A124: 120 | B124: 30 | C124: =INDEX(Quotes!$B$5:$B$19,MATCH($B124,Quotes!$B$5:$B$19,1)) | D124: =INDEX(Quotes!$B$5:$B$19,MIN(MATCH($B124,Quotes!$B$5:$B$19,1)+1,15)) | E124: =IF($D124=$C124,0,($B124-$C124)/($D124-$C124)) | F124: =INDEX(Quotes!$C$5:$C$19,MATCH($B124,Quotes!$B$5:$B$19,1))+$E124*(INDEX(Quotes!$C$5:$C$19,MIN(MATCH($B124,Quotes!$B$5:$B$19,1)+1,15))-INDEX(Quotes!$C$5:$C$19,MATCH($B124,Quotes!$B$5:$B$19,1))) | G124: =IF(COUNTIF(Quotes!$B$5:$B$19,$B124)>0,"quote","interp")

Sheet Bootstrap
A1: Bootstrap — DF, zero, forward
A2: One rule for every row: DF(T) = (1 - S*tau*sum of earlier DFs) / (1 + S*tau). The 3m is money market: DF = 1/(1+z*tau).
A4: Year | B4: Swap rate % | C4: Discount factor | D4: Zero rate % | E4: Forward % (qtr)
A5: =Interpolation!B5 | B5: =Interpolation!F5 | C5: =1/(1+($B5/100)*Quotes!$E$2) | D5: =(1/$C5-1)/$A5*100 | E5: =(1/$C5-1)/Quotes!$E$2*100
A6: =Interpolation!B6 | B6: =Interpolation!F6 | C6: =(1-($B6/100)*Quotes!$E$2*SUM($C$5:$C5))/(1+($B6/100)*Quotes!$E$2) | D6: =(1/$C6-1)/$A6*100 | E6: =($C5/$C6-1)/Quotes!$E$2*100
A7: =Interpolation!B7 | B7: =Interpolation!F7 | C7: =(1-($B7/100)*Quotes!$E$2*SUM($C$5:$C6))/(1+($B7/100)*Quotes!$E$2) | D7: =(1/$C7-1)/$A7*100 | E7: =($C6/$C7-1)/Quotes!$E$2*100
A8: =Interpolation!B8 | B8: =Interpolation!F8 | C8: =(1-($B8/100)*Quotes!$E$2*SUM($C$5:$C7))/(1+($B8/100)*Quotes!$E$2) | D8: =(1/$C8-1)/$A8*100 | E8: =($C7/$C8-1)/Quotes!$E$2*100
A9: =Interpolation!B9 | B9: =Interpolation!F9 | C9: =(1-($B9/100)*Quotes!$E$2*SUM($C$5:$C8))/(1+($B9/100)*Quotes!$E$2) | D9: =(1/$C9-1)/$A9*100 | E9: =($C8/$C9-1)/Quotes!$E$2*100
A10: =Interpolation!B10 | B10: =Interpolation!F10 | C10: =(1-($B10/100)*Quotes!$E$2*SUM($C$5:$C9))/(1+($B10/100)*Quotes!$E$2) | D10: =(1/$C10-1)/$A10*100 | E10: =($C9/$C10-1)/Quotes!$E$2*100
A11: =Interpolation!B11 | B11: =Interpolation!F11 | C11: =(1-($B11/100)*Quotes!$E$2*SUM($C$5:$C10))/(1+($B11/100)*Quotes!$E$2) | D11: =(1/$C11-1)/$A11*100 | E11: =($C10/$C11-1)/Quotes!$E$2*100
A12: =Interpolation!B12 | B12: =Interpolation!F12 | C12: =(1-($B12/100)*Quotes!$E$2*SUM($C$5:$C11))/(1+($B12/100)*Quotes!$E$2) | D12: =(1/$C12-1)/$A12*100 | E12: =($C11/$C12-1)/Quotes!$E$2*100
A13: =Interpolation!B13 | B13: =Interpolation!F13 | C13: =(1-($B13/100)*Quotes!$E$2*SUM($C$5:$C12))/(1+($B13/100)*Quotes!$E$2) | D13: =(1/$C13-1)/$A13*100 | E13: =($C12/$C13-1)/Quotes!$E$2*100
A14: =Interpolation!B14 | B14: =Interpolation!F14 | C14: =(1-($B14/100)*Quotes!$E$2*SUM($C$5:$C13))/(1+($B14/100)*Quotes!$E$2) | D14: =(1/$C14-1)/$A14*100 | E14: =($C13/$C14-1)/Quotes!$E$2*100
A15: =Interpolation!B15 | B15: =Interpolation!F15 | C15: =(1-($B15/100)*Quotes!$E$2*SUM($C$5:$C14))/(1+($B15/100)*Quotes!$E$2) | D15: =(1/$C15-1)/$A15*100 | E15: =($C14/$C15-1)/Quotes!$E$2*100
A16: =Interpolation!B16 | B16: =Interpolation!F16 | C16: =(1-($B16/100)*Quotes!$E$2*SUM($C$5:$C15))/(1+($B16/100)*Quotes!$E$2) | D16: =(1/$C16-1)/$A16*100 | E16: =($C15/$C16-1)/Quotes!$E$2*100
A17: =Interpolation!B17 | B17: =Interpolation!F17 | C17: =(1-($B17/100)*Quotes!$E$2*SUM($C$5:$C16))/(1+($B17/100)*Quotes!$E$2) | D17: =(1/$C17-1)/$A17*100 | E17: =($C16/$C17-1)/Quotes!$E$2*100
... A124: =Interpolation!B124 | B124: =Interpolation!F124 | C124: =(1-($B124/100)*Quotes!$E$2*SUM($C$5:$C123))/(1+($B124/100)*Quotes!$E$2) | D124: =(1/$C124-1)/$A124*100 | E124: =($C123/$C124-1)/Quotes!$E$2*100
